Name,Web_link,No_of_reviews,Ranking,No_of_bookingoptions
Eiffel Tower,https://www.tripadvisor.com/Attraction_Review-g187147-d188151-Reviews-Eiffel_Tower-Paris_Ile_de_France.html,"112,675 reviews",#1 of 576 Sights & Landmarks in Paris,186 booking options
Louvre Museum,https://www.tripadvisor.com/Attraction_Review-g187147-d188757-Reviews-Louvre_Museum-Paris_Ile_de_France.html,"80,364 reviews",#2 of 576 Sights & Landmarks in Paris,180 booking options
Notre Dame Cathedral,https://www.tripadvisor.com/Attraction_Review-g187147-d188679-Reviews-Notre_Dame_Cathedral-Paris_Ile_de_France.html,"58,074 reviews",#3 of 576 Sights & Landmarks in Paris,155 booking options
Basilica du Sacre-Coeur de Montmartre,https://www.tripadvisor.com/Attraction_Review-g187147-d190685-Reviews-Basilica_du_Sacre_Coeur_de_Montmartre-Paris_Ile_de_France.html,"29,187 reviews",#6 of 576 Sights & Landmarks in Paris,45 booking options
Arc de Triomphe,https://www.tripadvisor.com/Attraction_Review-g187147-d188709-Reviews-Arc_de_Triomphe-Paris_Ile_de_France.html,"35,186 reviews",#7 of 576 Sights & Landmarks in Paris,87 booking options
Pont Alexandre III,https://www.tripadvisor.com/Attraction_Review-g187147-d265614-Reviews-Pont_Alexandre_III-Paris_Ile_de_France.html,"14,294 reviews",#8 of 576 Sights & Landmarks in Paris,16 booking options
Ile Saint-Louis,https://www.tripadvisor.com/Attraction_Review-g187147-d209761-Reviews-Ile_Saint_Louis-Paris_Ile_de_France.html,"4,305 reviews",#14 of 576 Sights & Landmarks in Paris,11 booking options
Place des Vosges,https://www.tripadvisor.com/Attraction_Review-g187147-d188467-Reviews-Place_des_Vosges-Paris_Ile_de_France.html,"4,941 reviews",#15 of 576 Sights & Landmarks in Paris,11 booking options
Chapel of Our Lady of the Miraculous Medal,https://www.tripadvisor.com/Attraction_Review-g187147-d1759606-Reviews-Chapel_of_Our_Lady_of_the_Miraculous_Medal-Paris_Ile_de_France.html,"1,584 reviews",#18 of 576 Sights & Landmarks in Paris,
Pere-Lachaise Cemetery (Cimetiere du Pere-Lachaise),https://www.tripadvisor.com/Attraction_Review-g187147-d188698-Reviews-Pere_Lachaise_Cemetery_Cimetiere_du_Pere_Lachaise-Paris_Ile_de_France.html,"5,799 reviews",#19 of 576 Sights & Landmarks in Paris,4 booking options
Shakespeare and Company Bookstore,https://www.tripadvisor.com/Attraction_Review-g187147-d263032-Reviews-Shakespeare_and_Company_Bookstore-Paris_Ile_de_France.html,"3,436 reviews",#20 of 576 Sights & Landmarks in Paris,6 booking options
Champs-Elysees,https://www.tripadvisor.com/Attraction_Review-g187147-d209760-Reviews-Champs_Elysees-Paris_Ile_de_France.html,"16,053 reviews",#22 of 576 Sights & Landmarks in Paris,99 booking options
Luxembourg Palace,https://www.tripadvisor.com/Attraction_Review-g187147-d210197-Reviews-Luxembourg_Palace-Paris_Ile_de_France.html,"1,024 reviews",#25 of 576 Sights & Landmarks in Paris,2 booking options
Pantheon,https://www.tripadvisor.com/Attraction_Review-g187147-d189280-Reviews-Pantheon-Paris_Ile_de_France.html,"3,357 reviews",#26 of 576 Sights & Landmarks in Paris,18 booking options
Eglise Saint-Etienne-du-Mont de Paris,https://www.tripadvisor.com/Attraction_Review-g187147-d191146-Reviews-Eglise_Saint_Etienne_du_Mont_de_Paris-Paris_Ile_de_France.html,629 reviews,#27 of 576 Sights & Landmarks in Paris,1 booking option
La Madeleine,https://www.tripadvisor.com/Attraction_Review-g187147-d209790-Reviews-La_Madeleine-Paris_Ile_de_France.html,"1,892 reviews",#28 of 576 Sights & Landmarks in Paris,15 booking options
Hotel de Ville,https://www.tripadvisor.com/Attraction_Review-g187147-d208055-Reviews-Hotel_de_Ville-Paris_Ile_de_France.html,"1,275 reviews",#30 of 576 Sights & Landmarks in Paris,17 booking options
Place de la Concorde,https://www.tripadvisor.com/Attraction_Review-g187147-d189281-Reviews-Place_de_la_Concorde-Paris_Ile_de_France.html,"2,777 reviews",#33 of 576 Sights & Landmarks in Paris,62 booking options
Paroisse Saint-Eustache,https://www.tripadvisor.com/Attraction_Review-g187147-d191149-Reviews-Paroisse_Saint_Eustache-Paris_Ile_de_France.html,492 reviews,#34 of 576 Sights & Landmarks in Paris,2 booking options
Rue Montorgueil,https://www.tripadvisor.com/Attraction_Review-g187147-d208054-Reviews-Rue_Montorgueil-Paris_Ile_de_France.html,592 reviews,#35 of 576 Sights & Landmarks in Paris,2 booking options
Place Vendome,https://www.tripadvisor.com/Attraction_Review-g187147-d189189-Reviews-Place_Vendome-Paris_Ile_de_France.html,895 reviews,#39 of 576 Sights & Landmarks in Paris,25 booking options
Arc de Triomphe du Carrousel,https://www.tripadvisor.com/Attraction_Review-g187147-d2195794-Reviews-Arc_de_Triomphe_du_Carrousel-Paris_Ile_de_France.html,521 reviews,#45 of 576 Sights & Landmarks in Paris,1 booking option
Rue Cler,https://www.tripadvisor.com/Attraction_Review-g187147-d190512-Reviews-Rue_Cler-Paris_Ile_de_France.html,582 reviews,#50 of 576 Sights & Landmarks in Paris,
Canal Saint-Martin,https://www.tripadvisor.com/Attraction_Review-g187147-d188461-Reviews-Canal_Saint_Martin-Paris_Ile_de_France.html,"1,140 reviews",#51 of 576 Sights & Landmarks in Paris,1 booking option
Le Mur des Je t'aime,https://www.tripadvisor.com/Attraction_Review-g187147-d2161438-Reviews-Le_Mur_des_Je_t_aime-Paris_Ile_de_France.html,485 reviews,#53 of 576 Sights & Landmarks in Paris,1 booking option
Esplanade des Invalides,https://www.tripadvisor.com/Attraction_Review-g187147-d8545769-Reviews-Esplanade_des_Invalides-Paris_Ile_de_France.html,192 reviews,#54 of 576 Sights & Landmarks in Paris,4 booking options
Triumphal Way (Voie Triomphale),https://www.tripadvisor.com/Attraction_Review-g187147-d246752-Reviews-Triumphal_Way_Voie_Triomphale-Paris_Ile_de_France.html,244 reviews,#59 of 576 Sights & Landmarks in Paris,
Tour Saint-Jacques,https://www.tripadvisor.com/Attraction_Review-g187147-d3406006-Reviews-Tour_Saint_Jacques-Paris_Ile_de_France.html,282 reviews,#60 of 576 Sights & Landmarks in Paris,3 booking options
Conciergerie,https://www.tripadvisor.com/Attraction_Review-g187147-d190683-Reviews-Conciergerie-Paris_Ile_de_France.html,"1,612 reviews",#61 of 576 Sights & Landmarks in Paris,27 booking options
Place du Tertre,https://www.tripadvisor.com/Attraction_Review-g187147-d190982-Reviews-Place_du_Tertre-Paris_Ile_de_France.html,903 reviews,#62 of 576 Sights & Landmarks in Paris,17 booking options
Boulevard St. Germain,https://www.tripadvisor.com/Attraction_Review-g187147-d194242-Reviews-Boulevard_St_Germain-Paris_Ile_de_France.html,367 reviews,#67 of 576 Sights & Landmarks in Paris,3 booking options
Memorial des Martyrs de la Deportation,https://www.tripadvisor.com/Attraction_Review-g187147-d190975-Reviews-Memorial_des_Martyrs_de_la_Deportation-Paris_Ile_de_France.html,272 reviews,#69 of 576 Sights & Landmarks in Paris,
Harry's New York Bar,https://www.tripadvisor.com/Attraction_Review-g187147-d188706-Reviews-Harry_s_New_York_Bar-Paris_Ile_de_France.html,341 reviews,#70 of 576 Sights & Landmarks in Paris,
Place de la Bastille,https://www.tripadvisor.com/Attraction_Review-g187147-d188456-Reviews-Place_de_la_Bastille-Paris_Ile_de_France.html,"1,296 reviews",#73 of 576 Sights & Landmarks in Paris,16 booking options
Place des Abbesses,https://www.tripadvisor.com/Attraction_Review-g187147-d246744-Reviews-Place_des_Abbesses-Paris_Ile_de_France.html,247 reviews,#75 of 576 Sights & Landmarks in Paris,2 booking options
Place de la Republique,https://www.tripadvisor.com/Attraction_Review-g187147-d7154828-Reviews-Place_de_la_Republique-Paris_Ile_de_France.html,261 reviews,#77 of 576 Sights & Landmarks in Paris,
Place Dauphine,https://www.tripadvisor.com/Attraction_Review-g187147-d314455-Reviews-Place_Dauphine-Paris_Ile_de_France.html,194 reviews,#80 of 576 Sights & Landmarks in Paris,6 booking options
Gare St. Lazare,https://www.tripadvisor.com/Attraction_Review-g187147-d191145-Reviews-Gare_St_Lazare-Paris_Ile_de_France.html,260 reviews,#82 of 576 Sights & Landmarks in Paris,1 booking option
Musee d'Art et d'Histoire du Judaisme,https://www.tripadvisor.com/Attraction_Review-g187147-d318592-Reviews-Musee_d_Art_et_d_Histoire_du_Judaisme-Paris_Ile_de_France.html,240 reviews,#83 of 576 Sights & Landmarks in Paris,1 booking option
Avenue Montaigne,https://www.tripadvisor.com/Attraction_Review-g187147-d189188-Reviews-Avenue_Montaigne-Paris_Ile_de_France.html,146 reviews,#89 of 576 Sights & Landmarks in Paris,1 booking option
Palais de justice de Paris,https://www.tripadvisor.com/Attraction_Review-g187147-d2162615-Reviews-Palais_de_justice_de_Paris-Paris_Ile_de_France.html,177 reviews,#92 of 576 Sights & Landmarks in Paris,6 booking options
Le Quartier de la Butte Aux Cailles a Paris,https://www.tripadvisor.com/Attraction_Review-g187147-d5510160-Reviews-Le_Quartier_de_la_Butte_Aux_Cailles_a_Paris-Paris_Ile_de_France.html,120 reviews,#93 of 576 Sights & Landmarks in Paris,2 booking options
59 Rue de Rivoli,https://www.tripadvisor.com/Attraction_Review-g187147-d4757867-Reviews-59_Rue_de_Rivoli-Paris_Ile_de_France.html,92 reviews,#94 of 576 Sights & Landmarks in Paris,
Square du Vert-Galant,https://www.tripadvisor.com/Attraction_Review-g187147-d549374-Reviews-Square_du_Vert_Galant-Paris_Ile_de_France.html,134 reviews,#96 of 576 Sights & Landmarks in Paris,
Big Wheel on Place de la Concorde,https://www.tripadvisor.com/Attraction_Review-g187147-d10426937-Reviews-Big_Wheel_on_Place_de_la_Concorde-Paris_Ile_de_France.html,223 reviews,#99 of 576 Sights & Landmarks in Paris,
Paris Gare de Lyon,https://www.tripadvisor.com/Attraction_Review-g187147-d8763336-Reviews-Paris_Gare_de_Lyon-Paris_Ile_de_France.html,211 reviews,#103 of 576 Sights & Landmarks in Paris,1 booking option
Ecole Militaire,https://www.tripadvisor.com/Attraction_Review-g187147-d246224-Reviews-Ecole_Militaire-Paris_Ile_de_France.html,156 reviews,#105 of 576 Sights & Landmarks in Paris,8 booking options
Arenes de Lutece,https://www.tripadvisor.com/Attraction_Review-g187147-d209782-Reviews-Arenes_de_Lutece-Paris_Ile_de_France.html,243 reviews,#107 of 576 Sights & Landmarks in Paris,3 booking options
Menagerie du Jardin des Plantes,https://www.tripadvisor.com/Attraction_Review-g187147-d189240-Reviews-Menagerie_du_Jardin_des_Plantes-Paris_Ile_de_France.html,417 reviews,#110 of 576 Sights & Landmarks in Paris,
Rue Saint Louis en l'Ile,https://www.tripadvisor.com/Attraction_Review-g187147-d194312-Reviews-Rue_Saint_Louis_en_l_Ile-Paris_Ile_de_France.html,107 reviews,#115 of 576 Sights & Landmarks in Paris,
Square Jean XXIII,https://www.tripadvisor.com/Attraction_Review-g187147-d6924531-Reviews-Square_Jean_XXIII-Paris_Ile_de_France.html,77 reviews,#116 of 576 Sights & Landmarks in Paris,
St. Sulpice Fountain,https://www.tripadvisor.com/Attraction_Review-g187147-d194194-Reviews-St_Sulpice_Fountain-Paris_Ile_de_France.html,103 reviews,#117 of 576 Sights & Landmarks in Paris,
Viaduc des Arts,https://www.tripadvisor.com/Attraction_Review-g187147-d188465-Reviews-Viaduc_des_Arts-Paris_Ile_de_France.html,114 reviews,#120 of 576 Sights & Landmarks in Paris,1 booking option
Rue du Faubourg Saint-Honore,https://www.tripadvisor.com/Attraction_Review-g187147-d189187-Reviews-Rue_du_Faubourg_Saint_Honore-Paris_Ile_de_France.html,121 reviews,#121 of 576 Sights & Landmarks in Paris,2 booking options
Gare de Paris-Est,https://www.tripadvisor.com/Attraction_Review-g187147-d8763218-Reviews-Gare_de_Paris_Est-Paris_Ile_de_France.html,87 reviews,#124 of 576 Sights & Landmarks in Paris,
Pont de l'Alma,https://www.tripadvisor.com/Attraction_Review-g187147-d7281406-Reviews-Pont_de_l_Alma-Paris_Ile_de_France.html,108 reviews,#125 of 576 Sights & Landmarks in Paris,3 booking options
Rue Lepic,https://www.tripadvisor.com/Attraction_Review-g187147-d2279495-Reviews-Rue_Lepic-Paris_Ile_de_France.html,118 reviews,#126 of 576 Sights & Landmarks in Paris,
Quai d'Orsay,https://www.tripadvisor.com/Attraction_Review-g187147-d644725-Reviews-Quai_d_Orsay-Paris_Ile_de_France.html,101 reviews,#127 of 576 Sights & Landmarks in Paris,
Rue de la Huchette,https://www.tripadvisor.com/Attraction_Review-g187147-d1456178-Reviews-Rue_de_la_Huchette-Paris_Ile_de_France.html,162 reviews,#136 of 576 Sights & Landmarks in Paris,
Rue des Francs Bourgeois,https://www.tripadvisor.com/Attraction_Review-g187147-d188468-Reviews-Rue_des_Francs_Bourgeois-Paris_Ile_de_France.html,60 reviews,#137 of 576 Sights & Landmarks in Paris,1 booking option
Equestrian Statue of Charlemagne,https://www.tripadvisor.com/Attraction_Review-g187147-d6078937-Reviews-Equestrian_Statue_of_Charlemagne-Paris_Ile_de_France.html,66 reviews,#142 of 576 Sights & Landmarks in Paris,
Place du Chatelet,https://www.tripadvisor.com/Attraction_Review-g187147-d8037628-Reviews-Place_du_Chatelet-Paris_Ile_de_France.html,74 reviews,#145 of 576 Sights & Landmarks in Paris,2 booking options
Rue de la Paix,https://www.tripadvisor.com/Attraction_Review-g187147-d208641-Reviews-Rue_de_la_Paix-Paris_Ile_de_France.html,57 reviews,#147 of 576 Sights & Landmarks in Paris,
Elysee Palace,https://www.tripadvisor.com/Attraction_Review-g187147-d592453-Reviews-Elysee_Palace-Paris_Ile_de_France.html,60 reviews,#148 of 576 Sights & Landmarks in Paris,1 booking option
Dalida Statue,https://www.tripadvisor.com/Attraction_Review-g187147-d6684564-Reviews-Dalida_Statue-Paris_Ile_de_France.html,52 reviews,#152 of 576 Sights & Landmarks in Paris,1 booking option
Theatre Comedie Caumartin,https://www.tripadvisor.com/Attraction_Review-g187147-d5018798-Reviews-Theatre_Comedie_Caumartin-Paris_Ile_de_France.html,49 reviews,#153 of 576 Sights & Landmarks in Paris,
Place Ste. Catherine,https://www.tripadvisor.com/Attraction_Review-g187147-d191144-Reviews-Place_Ste_Catherine-Paris_Ile_de_France.html,46 reviews,#154 of 576 Sights & Landmarks in Paris,
Porte Saint-Denis,https://www.tripadvisor.com/Attraction_Review-g187147-d7140059-Reviews-Porte_Saint_Denis-Paris_Ile_de_France.html,68 reviews,#157 of 576 Sights & Landmarks in Paris,
Port de l'Arsenal,https://www.tripadvisor.com/Attraction_Review-g187147-d6684565-Reviews-Port_de_l_Arsenal-Paris_Ile_de_France.html,48 reviews,#158 of 576 Sights & Landmarks in Paris,
Place des Victoires,https://www.tripadvisor.com/Attraction_Review-g187147-d208636-Reviews-Place_des_Victoires-Paris_Ile_de_France.html,66 reviews,#162 of 576 Sights & Landmarks in Paris,1 booking option
Place de la Sorbonne,https://www.tripadvisor.com/Attraction_Review-g187147-d8442116-Reviews-Place_de_la_Sorbonne-Paris_Ile_de_France.html,41 reviews,#168 of 576 Sights & Landmarks in Paris,
Marche Grenelle,https://www.tripadvisor.com/Attraction_Review-g187147-d188153-Reviews-Marche_Grenelle-Paris_Ile_de_France.html,50 reviews,#179 of 576 Sights & Landmarks in Paris,
Metro Palais Royal,https://www.tripadvisor.com/Attraction_Review-g187147-d4878182-Reviews-Metro_Palais_Royal-Paris_Ile_de_France.html,59 reviews,#182 of 576 Sights & Landmarks in Paris,
Rue St-Dominique,https://www.tripadvisor.com/Attraction_Review-g187147-d188152-Reviews-Rue_St_Dominique-Paris_Ile_de_France.html,76 reviews,#186 of 576 Sights & Landmarks in Paris,
College des Bernardins,https://www.tripadvisor.com/Attraction_Review-g187147-d5607109-Reviews-College_des_Bernardins-Paris_Ile_de_France.html,28 reviews,#187 of 576 Sights & Landmarks in Paris,
Rue Bonaparte,https://www.tripadvisor.com/Attraction_Review-g187147-d208642-Reviews-Rue_Bonaparte-Paris_Ile_de_France.html,38 reviews,#189 of 576 Sights & Landmarks in Paris,
Passage Brady,https://www.tripadvisor.com/Attraction_Review-g187147-d2293360-Reviews-Passage_Brady-Paris_Ile_de_France.html,74 reviews,#191 of 576 Sights & Landmarks in Paris,
Square Rene Viviani,https://www.tripadvisor.com/Attraction_Review-g187147-d6415334-Reviews-Square_Rene_Viviani-Paris_Ile_de_France.html,32 reviews,#193 of 576 Sights & Landmarks in Paris,
Musee de la Franc-Maconnerie,https://www.tripadvisor.com/Attraction_Review-g187147-d5770423-Reviews-Musee_de_la_Franc_Maconnerie-Paris_Ile_de_France.html,37 reviews,#196 of 576 Sights & Landmarks in Paris,
Place de la Nation,https://www.tripadvisor.com/Attraction_Review-g187147-d1908310-Reviews-Place_de_la_Nation-Paris_Ile_de_France.html,49 reviews,#199 of 576 Sights & Landmarks in Paris,
Place des Pyramides,https://www.tripadvisor.com/Attraction_Review-g187147-d8782622-Reviews-Place_des_Pyramides-Paris_Ile_de_France.html,33 reviews,#202 of 576 Sights & Landmarks in Paris,
Galerie Vero-Dodat,https://www.tripadvisor.com/Attraction_Review-g187147-d7812646-Reviews-Galerie_Vero_Dodat-Paris_Ile_de_France.html,27 reviews,#203 of 576 Sights & Landmarks in Paris,1 booking option
Rue d'Alesia,https://www.tripadvisor.com/Attraction_Review-g187147-d189199-Reviews-Rue_d_Alesia-Paris_Ile_de_France.html,48 reviews,#204 of 576 Sights & Landmarks in Paris,
Colonnes de Buren,https://www.tripadvisor.com/Attraction_Review-g187147-d4878174-Reviews-Colonnes_de_Buren-Paris_Ile_de_France.html,50 reviews,#210 of 576 Sights & Landmarks in Paris,1 booking option
Saint-Nicolas-du-Chardonnet,https://www.tripadvisor.com/Attraction_Review-g187147-d7256701-Reviews-Saint_Nicolas_du_Chardonnet-Paris_Ile_de_France.html,32 reviews,#211 of 576 Sights & Landmarks in Paris,
Basilique Notre Dame des Victoires,https://www.tripadvisor.com/Attraction_Review-g187147-d10155289-Reviews-Basilique_Notre_Dame_des_Victoires-Paris_Ile_de_France.html,21 reviews,#213 of 576 Sights & Landmarks in Paris,
Columna Vendome,https://www.tripadvisor.com/Attraction_Review-g187147-d11817158-Reviews-Columna_Vendome-Paris_Ile_de_France.html,21 reviews,#214 of 576 Sights & Landmarks in Paris,
Pont de la Concorde,https://www.tripadvisor.com/Attraction_Review-g187147-d10196212-Reviews-Pont_de_la_Concorde-Paris_Ile_de_France.html,30 reviews,#217 of 576 Sights & Landmarks in Paris,
Le pont Mirabeau,https://www.tripadvisor.com/Attraction_Review-g187147-d4092451-Reviews-Le_pont_Mirabeau-Paris_Ile_de_France.html,30 reviews,#220 of 576 Sights & Landmarks in Paris,
Montparnasse Station,https://www.tripadvisor.com/Attraction_Review-g187147-d8639899-Reviews-Montparnasse_Station-Paris_Ile_de_France.html,109 reviews,#222 of 576 Sights & Landmarks in Paris,
Galerie Colbert,https://www.tripadvisor.com/Attraction_Review-g187147-d7717130-Reviews-Galerie_Colbert-Paris_Ile_de_France.html,21 reviews,#227 of 576 Sights & Landmarks in Paris,
Eglise Saint-Ephrem-le-Syriaque,https://www.tripadvisor.com/Attraction_Review-g187147-d4084035-Reviews-Eglise_Saint_Ephrem_le_Syriaque-Paris_Ile_de_France.html,25 reviews,#233 of 576 Sights & Landmarks in Paris,
Eglise Saint-Eugene - Sainte-Cecile,https://www.tripadvisor.com/Attraction_Review-g187147-d4500616-Reviews-Eglise_Saint_Eugene_Sainte_Cecile-Paris_Ile_de_France.html,18 reviews,#234 of 576 Sights & Landmarks in Paris,
Square Jehan Rictus,https://www.tripadvisor.com/Attraction_Review-g187147-d8453816-Reviews-Square_Jehan_Rictus-Paris_Ile_de_France.html,25 reviews,#236 of 576 Sights & Landmarks in Paris,
Place Furstenburg,https://www.tripadvisor.com/Attraction_Review-g187147-d191148-Reviews-Place_Furstenburg-Paris_Ile_de_France.html,31 reviews,#237 of 576 Sights & Landmarks in Paris,
Rue Jacob,https://www.tripadvisor.com/Attraction_Review-g187147-d194211-Reviews-Rue_Jacob-Paris_Ile_de_France.html,33 reviews,#239 of 576 Sights & Landmarks in Paris,
Rue de Castiglione,https://www.tripadvisor.com/Attraction_Review-g187147-d208640-Reviews-Rue_de_Castiglione-Paris_Ile_de_France.html,30 reviews,#240 of 576 Sights & Landmarks in Paris,
Prefecture de Police de Paris,https://www.tripadvisor.com/Attraction_Review-g187147-d6851149-Reviews-Prefecture_de_Police_de_Paris-Paris_Ile_de_France.html,26 reviews,#242 of 576 Sights & Landmarks in Paris,
Passage Choiseul,https://www.tripadvisor.com/Attraction_Review-g187147-d8768395-Reviews-Passage_Choiseul-Paris_Ile_de_France.html,33 reviews,#246 of 576 Sights & Landmarks in Paris,
Le Centaure de Cesar,https://www.tripadvisor.com/Attraction_Review-g187147-d6982431-Reviews-Le_Centaure_de_Cesar-Paris_Ile_de_France.html,29 reviews,#247 of 576 Sights & Landmarks in Paris,
Castel Beranger,https://www.tripadvisor.com/Attraction_Review-g187147-d6538780-Reviews-Castel_Beranger-Paris_Ile_de_France.html,18 reviews,#248 of 576 Sights & Landmarks in Paris,
Place de Stalingrad,https://www.tripadvisor.com/Attraction_Review-g187147-d246688-Reviews-Place_de_Stalingrad-Paris_Ile_de_France.html,42 reviews,#249 of 576 Sights & Landmarks in Paris,
Maison de Serge Gainsbourg,https://www.tripadvisor.com/Attraction_Review-g187147-d5535430-Reviews-Maison_de_Serge_Gainsbourg-Paris_Ile_de_France.html,33 reviews,#250 of 576 Sights & Landmarks in Paris,
Passage de L'Ancre,https://www.tripadvisor.com/Attraction_Review-g187147-d8848151-Reviews-Passage_de_L_Ancre-Paris_Ile_de_France.html,16 reviews,#251 of 576 Sights & Landmarks in Paris,
Square de l'Ile de France,https://www.tripadvisor.com/Attraction_Review-g187147-d10180824-Reviews-Square_de_l_Ile_de_France-Paris_Ile_de_France.html,18 reviews,#253 of 576 Sights & Landmarks in Paris,
La Fontaine Moliere,https://www.tripadvisor.com/Attraction_Review-g187147-d6584165-Reviews-La_Fontaine_Moliere-Paris_Ile_de_France.html,25 reviews,#258 of 576 Sights & Landmarks in Paris,
Porte Dauphine,https://www.tripadvisor.com/Attraction_Review-g187147-d3590352-Reviews-Porte_Dauphine-Paris_Ile_de_France.html,20 reviews,#259 of 576 Sights & Landmarks in Paris,
UNESCO Building,https://www.tripadvisor.com/Attraction_Review-g187147-d7085832-Reviews-UNESCO_Building-Paris_Ile_de_France.html,21 reviews,#262 of 576 Sights & Landmarks in Paris,1 booking option
Pont de Sully,https://www.tripadvisor.com/Attraction_Review-g187147-d10460878-Reviews-Pont_de_Sully-Paris_Ile_de_France.html,17 reviews,#264 of 576 Sights & Landmarks in Paris,
Square Louvois,https://www.tripadvisor.com/Attraction_Review-g187147-d7927578-Reviews-Square_Louvois-Paris_Ile_de_France.html,15 reviews,#265 of 576 Sights & Landmarks in Paris,
Les bouquinistes de paris,https://www.tripadvisor.com/Attraction_Review-g187147-d10777739-Reviews-Les_bouquinistes_de_paris-Paris_Ile_de_France.html,17 reviews,#266 of 576 Sights & Landmarks in Paris,
Rue de l'Universite,https://www.tripadvisor.com/Attraction_Review-g187147-d188154-Reviews-Rue_de_l_Universite-Paris_Ile_de_France.html,30 reviews,#267 of 576 Sights & Landmarks in Paris,
Rue de Lappe,https://www.tripadvisor.com/Attraction_Review-g187147-d10231177-Reviews-Rue_de_Lappe-Paris_Ile_de_France.html,19 reviews,#269 of 576 Sights & Landmarks in Paris,
Musee de la Sculpture en Plein Air,https://www.tripadvisor.com/Attraction_Review-g187147-d4749786-Reviews-Musee_de_la_Sculpture_en_Plein_Air-Paris_Ile_de_France.html,21 reviews,#270 of 576 Sights & Landmarks in Paris,
Carreau du Temple,https://www.tripadvisor.com/Attraction_Review-g187147-d6588965-Reviews-Carreau_du_Temple-Paris_Ile_de_France.html,29 reviews,#271 of 576 Sights & Landmarks in Paris,
Pont d'Arcole,https://www.tripadvisor.com/Attraction_Review-g187147-d8408066-Reviews-Pont_d_Arcole-Paris_Ile_de_France.html,18 reviews,#274 of 576 Sights & Landmarks in Paris,
Wall of Philip II Augustus,https://www.tripadvisor.com/Attraction_Review-g187147-d7088287-Reviews-Wall_of_Philip_II_Augustus-Paris_Ile_de_France.html,18 reviews,#275 of 576 Sights & Landmarks in Paris,
Rue du Chat qui Peche,https://www.tripadvisor.com/Attraction_Review-g187147-d5964537-Reviews-Rue_du_Chat_qui_Peche-Paris_Ile_de_France.html,41 reviews,#278 of 576 Sights & Landmarks in Paris,
Les Mots a la Bouche,https://www.tripadvisor.com/Attraction_Review-g187147-d4581280-Reviews-Les_Mots_a_la_Bouche-Paris_Ile_de_France.html,13 reviews,#285 of 576 Sights & Landmarks in Paris,
Chapelle Notre-Dame de Compassion,https://www.tripadvisor.com/Attraction_Review-g187147-d6728647-Reviews-Chapelle_Notre_Dame_de_Compassion-Paris_Ile_de_France.html,14 reviews,#290 of 576 Sights & Landmarks in Paris,
Cite de la Mode Et du Design,https://www.tripadvisor.com/Attraction_Review-g187147-d5970617-Reviews-Cite_de_la_Mode_Et_du_Design-Paris_Ile_de_France.html,27 reviews,#292 of 576 Sights & Landmarks in Paris,
Petit-Pont-Cardinal-Lustiger,https://www.tripadvisor.com/Attraction_Review-g187147-d10372975-Reviews-Petit_Pont_Cardinal_Lustiger-Paris_Ile_de_France.html,16 reviews,#294 of 576 Sights & Landmarks in Paris,
Temple Protestant de l'Oratoire du Louvre,https://www.tripadvisor.com/Attraction_Review-g187147-d7166243-Reviews-Temple_Protestant_de_l_Oratoire_du_Louvre-Paris_Ile_de_France.html,15 reviews,#295 of 576 Sights & Landmarks in Paris,
L'Embacle,https://www.tripadvisor.com/Attraction_Review-g187147-d8733839-Reviews-L_Embacle-Paris_Ile_de_France.html,17 reviews,#297 of 576 Sights & Landmarks in Paris,
Rue Etienne Marcel,https://www.tripadvisor.com/Attraction_Review-g187147-d644733-Reviews-Rue_Etienne_Marcel-Paris_Ile_de_France.html,20 reviews,#301 of 576 Sights & Landmarks in Paris,
The Wall for Peace,https://www.tripadvisor.com/Attraction_Review-g187147-d4545345-Reviews-The_Wall_for_Peace-Paris_Ile_de_France.html,59 reviews,#303 of 576 Sights & Landmarks in Paris,
Place Saint Andre des Arts,https://www.tripadvisor.com/Attraction_Review-g187147-d10180828-Reviews-Place_Saint_Andre_des_Arts-Paris_Ile_de_France.html,13 reviews,#307 of 576 Sights & Landmarks in Paris,
Eglise du Saint-Esprit,https://www.tripadvisor.com/Attraction_Review-g187147-d5027319-Reviews-Eglise_du_Saint_Esprit-Paris_Ile_de_France.html,11 reviews,#309 of 576 Sights & Landmarks in Paris,
la Fontaine aux Lions,https://www.tripadvisor.com/Attraction_Review-g187147-d4832253-Reviews-La_Fontaine_aux_Lions-Paris_Ile_de_France.html,13 reviews,#310 of 576 Sights & Landmarks in Paris,
Rue Mallet-Stevens,https://www.tripadvisor.com/Attraction_Review-g187147-d191014-Reviews-Rue_Mallet_Stevens-Paris_Ile_de_France.html,13 reviews,#315 of 576 Sights & Landmarks in Paris,
Vous Etes Ici Mural,https://www.tripadvisor.com/Attraction_Review-g187147-d1010084-Reviews-Vous_Etes_Ici_Mural-Paris_Ile_de_France.html,9 reviews,#317 of 576 Sights & Landmarks in Paris,
Cite Florale,https://www.tripadvisor.com/Attraction_Review-g187147-d10302116-Reviews-Cite_Florale-Paris_Ile_de_France.html,8 reviews,#318 of 576 Sights & Landmarks in Paris,
Eglise Sainte Elisabeth,https://www.tripadvisor.com/Attraction_Review-g187147-d5588467-Reviews-Eglise_Sainte_Elisabeth-Paris_Ile_de_France.html,11 reviews,#319 of 576 Sights & Landmarks in Paris,
Square Georges-Cain,https://www.tripadvisor.com/Attraction_Review-g187147-d7785418-Reviews-Square_Georges_Cain-Paris_Ile_de_France.html,10 reviews,#320 of 576 Sights & Landmarks in Paris,
Metre Etalon,https://www.tripadvisor.com/Attraction_Review-g187147-d8677141-Reviews-Metre_Etalon-Paris_Ile_de_France.html,11 reviews,#323 of 576 Sights & Landmarks in Paris,
Palais d'Iena,https://www.tripadvisor.com/Attraction_Review-g187147-d5971621-Reviews-Palais_d_Iena-Paris_Ile_de_France.html,9 reviews,#324 of 576 Sights & Landmarks in Paris,
Association Pour la Sauvegarde et la Mise en Valeur du Paris Historique,https://www.tripadvisor.com/Attraction_Review-g187147-d5043639-Reviews-Association_Pour_la_Sauvegarde_et_la_Mise_en_Valeur_du_Paris_Historique-Paris_Ile.html,9 reviews,#328 of 576 Sights & Landmarks in Paris,
Bibliotheque Nationale de France,https://www.tripadvisor.com/Attraction_Review-g187147-d12309888-Reviews-Bibliotheque_Nationale_de_France-Paris_Ile_de_France.html,7 reviews,#331 of 576 Sights & Landmarks in Paris,
Place du Marche Saint Honore,https://www.tripadvisor.com/Attraction_Review-g187147-d12422953-Reviews-Place_du_Marche_Saint_Honore-Paris_Ile_de_France.html,6 reviews,#332 of 576 Sights & Landmarks in Paris,
Peniche Librairie L'eau Et Les Reves,https://www.tripadvisor.com/Attraction_Review-g187147-d6594692-Reviews-Peniche_Librairie_L_eau_Et_Les_Reves-Paris_Ile_de_France.html,7 reviews,#333 of 576 Sights & Landmarks in Paris,
La Congregation du Saint-Esprit,https://www.tripadvisor.com/Attraction_Review-g187147-d6942980-Reviews-La_Congregation_du_Saint_Esprit-Paris_Ile_de_France.html,7 reviews,#335 of 576 Sights & Landmarks in Paris,
La Rue des Rosiers,https://www.tripadvisor.com/Attraction_Review-g187147-d12614185-Reviews-La_Rue_des_Rosiers-Paris_Ile_de_France.html,7 reviews,#336 of 576 Sights & Landmarks in Paris,
Galerie du Credit Municipal de Paris,https://www.tripadvisor.com/Attraction_Review-g187147-d4215367-Reviews-Galerie_du_Credit_Municipal_de_Paris-Paris_Ile_de_France.html,13 reviews,#340 of 576 Sights & Landmarks in Paris,
La Maison de Dalida,https://www.tripadvisor.com/Attraction_Review-g187147-d10691788-Reviews-La_Maison_de_Dalida-Paris_Ile_de_France.html,7 reviews,#341 of 576 Sights & Landmarks in Paris,
Espace Eiffel Branly,https://www.tripadvisor.com/Attraction_Review-g187147-d208634-Reviews-Espace_Eiffel_Branly-Paris_Ile_de_France.html,12 reviews,#345 of 576 Sights & Landmarks in Paris,
Passage du Bourg-l'Abbe,https://www.tripadvisor.com/Attraction_Review-g187147-d10213545-Reviews-Passage_du_Bourg_l_Abbe-Paris_Ile_de_France.html,9 reviews,#347 of 576 Sights & Landmarks in Paris,
Passage du Caire,https://www.tripadvisor.com/Attraction_Review-g187147-d12083971-Reviews-Passage_du_Caire-Paris_Ile_de_France.html,9 reviews,#348 of 576 Sights & Landmarks in Paris,
Eglise Saint Antoine des Quinze Vingts,https://www.tripadvisor.com/Attraction_Review-g187147-d5615495-Reviews-Eglise_Saint_Antoine_des_Quinze_Vingts-Paris_Ile_de_France.html,7 reviews,#352 of 576 Sights & Landmarks in Paris,
Van Gogh's House,https://www.tripadvisor.com/Attraction_Review-g187147-d12571656-Reviews-Van_Gogh_s_House-Paris_Ile_de_France.html,5 reviews,#353 of 576 Sights & Landmarks in Paris,1 booking option
Quai des Tuileries,https://www.tripadvisor.com/Attraction_Review-g187147-d11673245-Reviews-Quai_des_Tuileries-Paris_Ile_de_France.html,9 reviews,#354 of 576 Sights & Landmarks in Paris,
Polkagalerie,https://www.tripadvisor.com/Attraction_Review-g187147-d7317526-Reviews-Polkagalerie-Paris_Ile_de_France.html,7 reviews,#360 of 576 Sights & Landmarks in Paris,
Galerie Perrotin,https://www.tripadvisor.com/Attraction_Review-g187147-d4745901-Reviews-Galerie_Perrotin-Paris_Ile_de_France.html,7 reviews,#361 of 576 Sights & Landmarks in Paris,
Passage du Prado,https://www.tripadvisor.com/Attraction_Review-g187147-d10059330-Reviews-Passage_du_Prado-Paris_Ile_de_France.html,11 reviews,#368 of 576 Sights & Landmarks in Paris,
General Catroux Square,https://www.tripadvisor.com/Attraction_Review-g187147-d7162112-Reviews-General_Catroux_Square-Paris_Ile_de_France.html,6 reviews,#370 of 576 Sights & Landmarks in Paris,
Monument du Corps Expeditionnaire Russe,https://www.tripadvisor.com/Attraction_Review-g187147-d9788499-Reviews-Monument_du_Corps_Expeditionnaire_Russe-Paris_Ile_de_France.html,6 reviews,#374 of 576 Sights & Landmarks in Paris,
Rue du Temple,https://www.tripadvisor.com/Attraction_Review-g187147-d11959758-Reviews-Rue_du_Temple-Paris_Ile_de_France.html,4 reviews,#375 of 576 Sights & Landmarks in Paris,
Synagogue Buffault,https://www.tripadvisor.com/Attraction_Review-g187147-d6989349-Reviews-Synagogue_Buffault-Paris_Ile_de_France.html,4 reviews,#376 of 576 Sights & Landmarks in Paris,
Cite des Fleurs,https://www.tripadvisor.com/Attraction_Review-g187147-d7211800-Reviews-Cite_des_Fleurs-Paris_Ile_de_France.html,7 reviews,#382 of 576 Sights & Landmarks in Paris,
Chapelle Sainte Bernadette,https://www.tripadvisor.com/Attraction_Review-g187147-d10440681-Reviews-Chapelle_Sainte_Bernadette-Paris_Ile_de_France.html,5 reviews,#383 of 576 Sights & Landmarks in Paris,
Square Paul-Langevin,https://www.tripadvisor.com/Attraction_Review-g187147-d12004751-Reviews-Square_Paul_Langevin-Paris_Ile_de_France.html,6 reviews,#384 of 576 Sights & Landmarks in Paris,
Square Felix-Desruelles,https://www.tripadvisor.com/Attraction_Review-g187147-d11899062-Reviews-Square_Felix_Desruelles-Paris_Ile_de_France.html,4 reviews,#385 of 576 Sights & Landmarks in Paris,
Passage des Princes,https://www.tripadvisor.com/Attraction_Review-g187147-d12833294-Reviews-Passage_des_Princes-Paris_Ile_de_France.html,4 reviews,#387 of 576 Sights & Landmarks in Paris,
Editions Baleine,https://www.tripadvisor.com/Attraction_Review-g187147-d7034807-Reviews-Editions_Baleine-Paris_Ile_de_France.html,6 reviews,#390 of 576 Sights & Landmarks in Paris,
Pierre-and-Marie-Curie University,https://www.tripadvisor.com/Attraction_Review-g187147-d5608859-Reviews-Pierre_and_Marie_Curie_University-Paris_Ile_de_France.html,5 reviews,#393 of 576 Sights & Landmarks in Paris,
Pavilion Hermitage,https://www.tripadvisor.com/Attraction_Review-g187147-d6728642-Reviews-Pavilion_Hermitage-Paris_Ile_de_France.html,7 reviews,#394 of 576 Sights & Landmarks in Paris,
Moulin Radet,https://www.tripadvisor.com/Attraction_Review-g187147-d12726342-Reviews-Moulin_Radet-Paris_Ile_de_France.html,5 reviews,#399 of 576 Sights & Landmarks in Paris,
Place Camille Jullian,https://www.tripadvisor.com/Attraction_Review-g187147-d8639932-Reviews-Place_Camille_Jullian-Paris_Ile_de_France.html,6 reviews,#406 of 576 Sights & Landmarks in Paris,
La statue du General de Gaulle,https://www.tripadvisor.com/Attraction_Review-g187147-d12936651-Reviews-La_statue_du_General_de_Gaulle-Paris_Ile_de_France.html,4 reviews,#407 of 576 Sights & Landmarks in Paris,
Passage L'homme,https://www.tripadvisor.com/Attraction_Review-g187147-d7264138-Reviews-Passage_L_homme-Paris_Ile_de_France.html,5 reviews,#408 of 576 Sights & Landmarks in Paris,
Videosphere,https://www.tripadvisor.com/Attraction_Review-g187147-d4206341-Reviews-Videosphere-Paris_Ile_de_France.html,5 reviews,#410 of 576 Sights & Landmarks in Paris,
La Quatrieme Pomme,https://www.tripadvisor.com/Attraction_Review-g187147-d10737283-Reviews-La_Quatrieme_Pomme-Paris_Ile_de_France.html,4 reviews,#412 of 576 Sights & Landmarks in Paris,
Eglise Saint Honore d'Eylau,https://www.tripadvisor.com/Attraction_Review-g187147-d11959536-Reviews-Eglise_Saint_Honore_d_Eylau-Paris_Ile_de_France.html,2 reviews,#414 of 576 Sights & Landmarks in Paris,
Arboretum du bois de Vincennes,https://www.tripadvisor.com/Attraction_Review-g187147-d11547897-Reviews-Arboretum_du_bois_de_Vincennes-Paris_Ile_de_France.html,3 reviews,#415 of 576 Sights & Landmarks in Paris,
Statue de Beaumarchais,https://www.tripadvisor.com/Attraction_Review-g187147-d11718629-Reviews-Statue_de_Beaumarchais-Paris_Ile_de_France.html,4 reviews,#418 of 576 Sights & Landmarks in Paris,
Cour Damoye,https://www.tripadvisor.com/Attraction_Review-g187147-d10596774-Reviews-Cour_Damoye-Paris_Ile_de_France.html,4 reviews,#419 of 576 Sights & Landmarks in Paris,
Elephant Paname,https://www.tripadvisor.com/Attraction_Review-g187147-d4408607-Reviews-Elephant_Paname-Paris_Ile_de_France.html,7 reviews,#421 of 576 Sights & Landmarks in Paris,
La Butte Bergeyre,https://www.tripadvisor.com/Attraction_Review-g187147-d6631426-Reviews-La_Butte_Bergeyre-Paris_Ile_de_France.html,8 reviews,#423 of 576 Sights & Landmarks in Paris,
Cite Veron,https://www.tripadvisor.com/Attraction_Review-g187147-d3928887-Reviews-Cite_Veron-Paris_Ile_de_France.html,6 reviews,#431 of 576 Sights & Landmarks in Paris,
Place du Trocadero,https://www.tripadvisor.com/Attraction_Review-g187147-d12695471-Reviews-Place_du_Trocadero-Paris_Ile_de_France.html,2 reviews,#435 of 576 Sights & Landmarks in Paris,
Rue Reaumur,https://www.tripadvisor.com/Attraction_Review-g187147-d12982142-Reviews-Rue_Reaumur-Paris_Ile_de_France.html,2 reviews,#437 of 576 Sights & Landmarks in Paris,
